letter,frequency, weight
A,0.08167, 132
B,0.01492, 232
C,0.02782, 23
D,0.04253, 144
E,0.12702, 88
F,0.02288, 143
G,0.02015, 76
H,0.06094, 34
I,0.06966, 6
J,0.00153, 56
K,0.00772, 93
L,0.04025, 22
M,0.02406, 128
N,0.06749, 13
O,0.07507, 94
P,0.01929, 67
Q,0.00095, 95
R,0.05987, 46
S,0.06327, 12
T,0.09056, 71
U,0.02758, 29
V,0.00978, 129
W,0.0236, 99
X,0.0015, 14
Y,0.01974, 19
Z,0.00074, 201
